City_ID,City,Country,Date,Lat,Lng,Max Temp,Humidity,Cloudiness,Wind Speed
0,Ushuaia,AR,2022-01-31 03:30:40,-54.8,-68.3,44.26,76,40,17.27
1,Busselton,AU,2022-01-31 03:30:42,-33.65,115.3333,77.09,33,99,16.6
2,Khatanga,RU,2022-01-31 03:30:43,71.9667,102.5,-7.1,99,98,7.49
3,Kurumkan,RU,2022-01-31 03:30:43,54.3,110.3,-8.43,95,99,1.45
4,Punta Arenas,CL,2022-01-31 03:28:29,-53.15,-70.9167,48.31,66,40,13.8
5,Camalu,MX,2022-01-31 03:30:45,30.85,-116.0667,56.5,78,2,8.21
6,Kapaa,US,2022-01-31 03:30:45,22.0752,-159.319,78.78,67,0,8.05
7,New Plymouth,NZ,2022-01-31 03:30:46,-39.0667,174.0833,74.32,55,69,9.04
8,Hermanus,ZA,2022-01-31 03:30:47,-34.4187,19.2345,72.81,80,100,13.29
9,Rikitea,PF,2022-01-31 03:30:47,-23.1203,-134.9692,77.36,64,100,5.88
10,Ilulissat,GL,2022-01-31 03:30:48,69.2167,-51.1,-4.97,56,32,16.82
11,Narsaq,GL,2022-01-31 03:30:49,60.9167,-46.05,20.17,84,100,17.87
12,Port Shepstone,ZA,2022-01-31 03:30:50,-30.7414,30.455,72.75,83,100,12.59
13,Capitao Poco,BR,2022-01-31 03:30:50,-1.7464,-47.0594,72.03,97,100,2.95
14,Fortuna,US,2022-01-31 03:27:51,40.5982,-124.1573,49.98,90,100,0.0
15,Nome,US,2022-01-31 03:30:51,64.5011,-165.4064,-9.33,77,0,0.0
16,Avarua,CK,2022-01-31 03:27:30,-21.2078,-159.775,78.85,78,100,8.05
17,Muncar,ID,2022-01-31 03:30:53,-8.4333,114.3333,85.5,67,100,5.1
18,Kyrnasivka,UA,2022-01-31 03:30:53,48.5955,28.979,35.1,90,100,17.11
19,La Ronge,CA,2022-01-31 03:30:54,55.1001,-105.2842,10.65,85,100,4.61
20,Mahebourg,MU,2022-01-31 03:30:55,-20.4081,57.7,81.25,94,75,9.22
21,Hue,VN,2022-01-31 03:30:55,16.4667,107.6,66.31,94,75,9.22
22,Port Elizabeth,ZA,2022-01-31 03:30:56,-33.918,25.5701,66.49,100,75,5.75
23,Muromtsevo,RU,2022-01-31 03:30:57,56.3724,75.2418,10.58,96,99,7.92
24,Saint George,US,2022-01-31 03:30:58,37.1041,-113.5841,52.36,28,0,1.01
25,Mar Del Plata,AR,2022-01-31 03:30:58,-38.0023,-57.5575,64.87,68,100,20.0
26,Cabo San Lucas,MX,2022-01-31 03:26:34,22.8909,-109.9124,71.51,75,20,0.0
27,Sur,OM,2022-01-31 03:31:00,22.5667,59.5289,72.73,59,0,0.25
28,Lompoc,US,2022-01-31 03:27:58,34.6391,-120.4579,55.22,84,20,4.61
29,San Juan,AR,2022-01-31 03:30:30,-31.5375,-68.5364,84.54,33,3,13.15
30,Yulara,AU,2022-01-31 03:26:38,-25.2406,130.9889,82.24,69,100,13.8
31,Butaritari,KI,2022-01-31 03:31:03,3.0707,172.7902,81.77,77,57,19.22
32,Vaini,TO,2022-01-31 03:31:04,-21.2,-175.2,81.54,69,100,14.74
33,Sao Jose Da Coroa Grande,BR,2022-01-31 03:31:04,-8.8978,-35.1478,78.13,79,45,5.99
34,Sao Filipe,CV,2022-01-31 03:26:34,14.8961,-24.4956,71.2,72,100,10.38
35,Torbay,CA,2022-01-31 03:31:06,47.6666,-52.7314,35.58,82,100,25.32
36,Jumla,NP,2022-01-31 03:31:06,29.2747,82.1838,46.94,27,0,4.12
37,Victoria,HK,2022-01-31 03:30:56,22.2855,114.1577,58.32,72,97,1.99
38,Pisco,PE,2022-01-31 03:31:09,-13.7,-76.2167,69.85,83,99,6.91
39,Neiafu,TO,2022-01-31 03:31:09,-18.65,-173.9833,82.13,69,100,9.86
40,Ballina,AU,2022-01-31 03:31:10,-28.8667,153.5667,87.98,71,40,13.8
41,Atuona,PF,2022-01-31 03:26:36,-9.8,-139.0333,78.26,74,16,15.68
42,Bethel,US,2022-01-31 03:30:07,41.3712,-73.414,21.92,68,0,0.0
43,Yumen,CN,2022-01-31 03:31:12,40.2833,97.2,19.33,31,100,10.76
44,Hurghada,EG,2022-01-31 03:32:13,27.2574,33.8129,54.37,47,29,16.24
45,Bubaque,GW,2022-01-31 03:32:13,11.2833,-15.8333,77.23,73,43,11.63
46,Jiazi,CN,2022-01-31 03:32:14,22.8779,116.067,57.07,62,92,17.34
47,Bambous Virieux,MU,2022-01-31 03:32:15,-20.3428,57.7575,81.21,94,75,9.22
48,Sioux Lookout,CA,2022-01-31 03:32:16,50.1001,-91.917,12.58,85,100,8.05
49,Christchurch,NZ,2022-01-31 03:30:15,-43.5333,172.6333,70.0,67,75,7.0
50,Qaanaaq,GL,2022-01-31 03:32:18,77.484,-69.3632,-5.37,93,100,3.71
51,Ilheus,BR,2022-01-31 03:32:18,-14.7889,-39.0494,75.22,91,26,4.25
52,Comodoro Rivadavia,AR,2022-01-31 03:32:19,-45.8667,-67.5,60.66,21,0,12.66
53,Leningradskiy,RU,2022-01-31 03:32:20,69.3833,178.4167,-15.84,94,87,4.7
54,Vila Velha,BR,2022-01-31 03:30:05,-20.3297,-40.2925,78.94,89,20,9.22
55,Carnarvon,AU,2022-01-31 03:32:22,-24.8667,113.6333,86.07,62,28,20.71
56,Jijiang,CN,2022-01-31 03:32:22,29.2906,106.2542,53.37,63,75,3.38
57,Dhule,IN,2022-01-31 03:32:23,20.9,74.7833,73.63,20,2,3.65
58,Albany,US,2022-01-31 03:28:56,42.6001,-73.9662,11.03,64,31,3.09
59,Jamestown,US,2022-01-31 03:32:04,42.097,-79.2353,11.84,92,40,0.0
60,Charters Towers,AU,2022-01-31 03:32:25,-20.1,146.2667,94.17,35,23,9.6
61,Shelburne,CA,2022-01-31 03:32:25,44.0787,-80.2041,18.05,94,38,7.65
62,Poum,NC,2022-01-31 03:32:26,-20.2333,164.0167,80.24,75,100,13.13
63,Bluff,NZ,2022-01-31 03:32:27,-46.6,168.3333,72.81,83,95,2.13
64,Tocopilla,CL,2022-01-31 03:32:28,-22.092,-70.1979,66.74,72,17,0.38
65,Sikonge,TZ,2022-01-31 03:32:29,-5.6333,32.7667,66.29,97,100,4.72
66,Port Macquarie,AU,2022-01-31 03:32:30,-31.4333,152.9167,84.16,70,27,9.53
67,Mataura,NZ,2022-01-31 03:32:31,-46.1927,168.8643,72.48,59,90,5.86
68,Provideniya,RU,2022-01-31 03:32:32,64.3833,-173.3,8.71,72,0,15.66
69,Orchard Homes,US,2022-01-31 03:32:32,46.8633,-114.0484,32.27,75,40,0.0
70,Puerto Ayora,EC,2022-01-31 03:31:38,-0.7393,-90.3518,73.24,84,100,5.73
71,Sechura,PE,2022-01-31 03:32:34,-5.5569,-80.8222,72.19,75,100,10.98
72,Manastiur,RO,2022-01-31 03:32:34,45.8167,22.0667,33.28,90,29,5.39
73,Bay Roberts,CA,2022-01-31 03:32:35,47.5999,-53.2648,36.34,84,65,4.0
74,Sarangani,PH,2022-01-31 03:32:36,5.4033,125.4636,82.24,74,100,14.38
75,Adrar,MR,2022-01-31 03:32:36,20.5022,-10.0711,71.08,13,100,11.39
76,Abalak,RU,2022-01-31 03:32:37,58.1286,68.5944,3.51,97,100,3.76
77,Nikolskoye,RU,2022-01-31 03:32:38,59.7035,30.7861,26.49,97,100,4.94
78,Hilo,US,2022-01-31 03:32:39,19.7297,-155.09,74.93,72,20,9.22
79,Lagos,NG,2022-01-31 03:30:06,6.5833,3.75,71.92,55,86,3.76
80,Faanui,PF,2022-01-31 03:32:40,-16.4833,-151.75,80.83,71,1,8.79
81,Riyadh,SA,2022-01-31 03:29:33,24.6877,46.7219,51.94,45,6,10.02
82,Baturaja,ID,2022-01-31 03:32:42,-4.1333,104.1667,84.94,71,100,0.78
83,Aksarka,RU,2022-01-31 03:32:43,66.5606,67.7975,-12.82,100,99,3.27
84,Norman Wells,CA,2022-01-31 03:32:44,65.282,-126.8329,-18.36,69,75,4.61
85,Port Alfred,ZA,2022-01-31 03:32:45,-33.5906,26.891,72.43,90,100,11.65
86,Padang,ID,2022-01-31 03:32:45,-0.9492,100.3543,85.75,63,81,2.86
87,Raudeberg,NO,2022-01-31 03:32:46,61.9875,5.1352,32.67,70,100,1.99
88,Kitimat,CA,2022-01-31 03:33:47,54.0524,-128.6534,35.98,98,100,2.95
89,Bonavista,CA,2022-01-31 03:33:48,48.6499,-53.1147,36.12,74,59,29.28
90,Waipawa,NZ,2022-01-31 03:33:49,-41.4122,175.5153,68.31,65,17,10.2
91,Nemuro,JP,2022-01-31 03:33:50,43.3236,145.575,19.83,50,15,15.21
92,Katsuura,JP,2022-01-31 03:33:51,35.1333,140.3,46.51,34,90,10.0
93,Arlit,NE,2022-01-31 03:33:52,18.7369,7.3853,56.34,17,3,10.58
94,Castro,BR,2022-01-31 03:33:53,-24.7911,-50.0119,62.58,99,100,6.53
95,Yar-Sale,RU,2022-01-31 03:33:40,66.8333,70.8333,-4.25,98,91,7.58
96,Buala,SB,2022-01-31 03:33:54,-8.145,159.5921,83.59,75,100,3.49
97,Anzhero-Sudzhensk,RU,2022-01-31 03:33:54,56.081,86.0285,4.66,89,24,5.08
98,Asau,RO,2022-01-31 03:33:55,46.4333,26.4,34.72,72,44,14.38
99,Kruisfontein,ZA,2022-01-31 03:33:56,-34.0033,24.7314,63.88,93,87,3.51
100,Kahului,US,2022-01-31 03:30:58,20.8947,-156.47,80.62,62,20,16.11
101,Kodiak,US,2022-01-31 03:33:57,57.79,-152.4072,24.31,74,0,11.5
102,New Norfolk,AU,2022-01-31 03:33:51,-42.7826,147.0587,86.88,27,0,1.99
103,Acapulco,MX,2022-01-31 03:33:59,16.8634,-99.8901,78.62,83,20,4.61
104,Sao Joao Da Barra,BR,2022-01-31 03:34:00,-21.6403,-41.0511,74.57,93,93,7.02
105,Haines Junction,CA,2022-01-31 03:34:01,60.7522,-137.5108,3.15,60,50,5.75
106,Arjona,CO,2022-01-31 03:34:01,10.2544,-75.3439,76.26,75,1,10.87
107,Itarema,BR,2022-01-31 03:34:02,-2.9248,-39.9167,78.03,84,99,10.69
108,Brandon,US,2022-01-31 03:29:51,27.9378,-82.2859,49.86,70,0,0.0
109,Port Hawkesbury,CA,2022-01-31 03:34:03,45.6169,-61.3485,24.39,76,100,5.99
110,Caravelas,BR,2022-01-31 03:34:04,-17.7125,-39.2481,77.97,87,54,9.22
111,Villa Carlos Paz,AR,2022-01-31 03:34:05,-31.4241,-64.4978,68.25,43,0,3.29
112,Carballo,ES,2022-01-31 03:34:06,43.213,-8.691,41.86,94,9,5.03
113,Hobart,AU,2022-01-31 03:32:10,-42.8794,147.3294,87.22,52,20,1.01
114,Hithadhoo,MV,2022-01-31 03:34:07,-0.6,73.0833,82.17,70,5,10.65
115,Geraldton,AU,2022-01-31 03:31:11,-28.7667,114.6,82.81,54,0,17.27
116,Kulhudhuffushi,MV,2022-01-31 03:34:08,6.6221,73.07,81.45,76,18,10.8
117,Bilibino,RU,2022-01-31 03:34:09,68.0546,166.4372,-11.49,97,75,4.54
118,Mogok,MM,2022-01-31 03:34:10,22.9167,96.5,65.07,39,7,1.72
119,Dunaharaszti,HU,2022-01-31 03:34:11,47.3545,19.0982,39.72,52,0,16.11
120,Cascais,PT,2022-01-31 03:34:12,38.6979,-9.4215,55.81,42,0,5.01
121,Indian Head,US,2022-01-31 03:34:13,38.6001,-77.1622,30.36,56,100,3.0
122,Milton,US,2022-01-31 03:31:55,34.1322,-84.3007,44.58,72,12,4.47
123,Puerto Escondido,MX,2022-01-31 03:34:18,15.85,-97.0667,79.63,73,20,0.0
124,Paungde,MM,2022-01-31 03:34:18,18.4833,95.5,75.88,33,27,4.16
125,Barrow,US,2022-01-31 03:34:19,71.2906,-156.7887,-5.78,77,100,9.22
126,Saint-Paul,RE,2022-01-31 03:34:20,-21.0096,55.2707,77.11,68,53,0.92
127,Tuktoyaktuk,CA,2022-01-31 03:34:21,69.4541,-133.0374,-2.2,84,100,21.85
128,Dikson,RU,2022-01-31 03:34:21,73.5069,80.5464,-4.63,94,100,22.28
129,Bredasdorp,ZA,2022-01-31 03:34:22,-34.5322,20.0403,72.28,86,100,10.51
130,Raahe,FI,2022-01-31 03:34:23,64.6833,24.4833,6.89,93,96,8.75
131,Assiniboia,CA,2022-01-31 03:35:23,49.6334,-105.9845,30.11,80,100,10.36
132,Manjeshwar,IN,2022-01-31 03:35:24,12.7194,74.8861,77.95,59,0,4.23
133,Dunkwa,GH,2022-01-31 03:35:25,5.9656,-1.78,68.04,97,92,0.72
134,Ajdabiya,LY,2022-01-31 03:35:25,30.7554,20.2263,54.68,61,77,14.81
135,Novikovo,RU,2022-01-31 03:35:26,51.1537,37.8879,28.44,93,100,14.9
136,Hofn,IS,2022-01-31 03:35:27,64.2539,-15.2082,24.48,45,99,12.68
137,Mandali,IQ,2022-01-31 03:35:27,33.7499,45.5541,47.12,46,26,6.76
138,Pahrump,US,2022-01-31 03:31:37,36.2083,-115.9839,52.11,21,0,1.01
139,Esso,RU,2022-01-31 03:35:29,55.9333,158.7,18.01,96,99,4.34
140,Vrangel,RU,2022-01-31 03:35:30,42.7297,133.0839,19.98,43,4,9.69
141,Namatanai,PG,2022-01-31 03:35:31,-3.6667,152.4333,84.49,71,96,4.94
142,Cape Town,ZA,2022-01-31 03:35:02,-33.9258,18.4232,68.11,81,0,1.01
143,Baiyin,CN,2022-01-31 03:35:32,36.5583,104.2081,18.48,43,100,2.98
144,Ibotirama,BR,2022-01-31 03:35:33,-12.1853,-43.2206,70.52,90,94,0.09
145,Ostrovnoy,RU,2022-01-31 03:35:33,68.0531,39.5131,5.99,96,84,8.84
146,Paita,PE,2022-01-31 03:35:34,-5.0892,-81.1144,71.71,80,100,9.66
147,Souillac,MU,2022-01-31 03:35:35,-20.5167,57.5167,81.36,94,75,9.22
148,Muisne,EC,2022-01-31 03:35:35,0.6,-80.0333,75.43,86,100,1.1
149,Dutlwe,BW,2022-01-31 03:35:36,-23.9833,23.9,67.86,83,99,14.97
150,Rawson,AR,2022-01-31 03:35:38,-43.3002,-65.1023,58.84,32,39,6.53
151,Shitanjing,CN,2022-01-31 03:35:39,39.2342,106.3439,16.02,24,18,3.74
152,Liberal,US,2022-01-31 03:35:39,37.0431,-100.921,38.5,27,0,11.5
153,Broni,IT,2022-01-31 03:35:40,45.0655,9.2623,41.61,84,28,2.08
154,Port-Gentil,GA,2022-01-31 03:35:41,-0.7193,8.7815,80.6,78,97,7.0
155,Ponta Do Sol,PT,2022-01-31 03:35:42,32.6667,-17.1,65.12,43,0,10.09
156,Ennis,IE,2022-01-31 03:35:43,52.8436,-8.9864,46.33,76,75,12.66
157,Matelica,IT,2022-01-31 03:35:43,43.2541,13.0106,42.21,93,0,6.31
158,Linqiong,CN,2022-01-31 03:35:44,30.4159,103.4609,40.82,58,52,4.12
159,Pedasi,PA,2022-01-31 03:35:45,7.5333,-80.0333,73.06,75,10,21.41
160,Kalaleh,IR,2022-01-31 03:35:45,37.3807,55.4916,33.4,86,0,0.0
161,Nipawin,CA,2022-01-31 03:35:46,53.3668,-104.0009,15.84,92,100,9.22
162,Lengshuijiang,CN,2022-01-31 03:35:47,27.6881,111.4294,37.78,100,100,1.05
163,Upernavik,GL,2022-01-31 03:35:48,72.7868,-56.1549,-8.61,98,100,5.14
164,Besikduzu,TR,2022-01-31 03:35:48,41.052,39.2284,49.89,72,100,5.1
165,Isangel,VU,2022-01-31 03:35:49,-19.55,169.2667,86.11,84,75,4.61
166,Sao Raimundo Nonato,BR,2022-01-31 03:35:49,-9.0153,-42.6994,70.65,78,8,2.19
167,Ormara,PK,2022-01-31 03:35:50,25.2088,64.6357,72.19,64,0,13.06
168,Hasaki,JP,2022-01-31 03:35:51,35.7333,140.8333,50.29,32,36,8.72
169,Sorong,ID,2022-01-31 03:35:52,-0.8833,131.25,83.82,68,95,17.81
170,Ust-Uda,RU,2022-01-31 03:35:52,54.1742,103.0304,1.26,93,100,2.04
171,Jiexiu,CN,2022-01-31 03:35:53,37.0244,111.9125,26.2,31,0,11.07
172,Tasiilaq,GL,2022-01-31 03:34:25,65.6145,-37.6368,2.21,61,100,4.03
173,Hamilton,US,2022-01-31 03:35:36,39.1834,-84.5333,29.93,75,0,4.61
174,Saint-Philippe,RE,2022-01-31 03:35:55,-21.3585,55.7679,77.11,85,79,10.74
175,Laguna,US,2022-01-31 03:35:00,38.421,-121.4238,54.32,77,0,0.0
176,Saskylakh,RU,2022-01-31 03:35:56,71.9167,114.0833,-24.48,100,93,2.86
177,Grindavik,IS,2022-01-31 03:35:57,63.8424,-22.4338,28.87,69,75,20.71
178,Homnabad,IN,2022-01-31 03:35:58,17.7667,77.1333,75.67,20,0,4.0
179,Coquimbo,CL,2022-01-31 03:36:21,-29.9533,-71.3436,62.33,88,0,2.3
180,Benguela,AO,2022-01-31 03:36:59,-12.5763,13.4055,74.39,84,100,2.04
181,Arraial Do Cabo,BR,2022-01-31 03:37:00,-22.9661,-42.0278,74.68,96,100,9.01
182,Yaan,NG,2022-01-31 03:37:01,7.3833,8.5667,74.71,15,93,10.89
183,Guerrero Negro,MX,2022-01-31 03:34:03,27.9769,-114.0611,60.12,69,60,10.65
184,Shenjiamen,CN,2022-01-31 03:37:02,29.9576,122.298,43.45,58,43,11.32
185,Ereymentau,KZ,2022-01-31 03:37:03,51.6199,73.1033,13.91,93,94,16.4
186,Baoqing,CN,2022-01-31 03:37:04,46.3317,132.2111,7.11,78,57,7.81
187,Bellview,US,2022-01-31 03:37:05,30.4616,-87.315,58.75,76,0,5.01
188,College,US,2022-01-31 03:37:05,64.8569,-147.8028,-23.01,74,0,0.0
189,Seoul,KR,2022-01-31 03:36:47,37.5683,126.9778,38.77,33,0,3.44
190,Mazatlan,MX,2022-01-31 03:36:57,23.2167,-106.4167,70.02,78,40,3.0
191,Namibe,AO,2022-01-31 03:37:07,-15.1961,12.1522,69.82,77,92,4.5
192,Bandarbeyla,SO,2022-01-31 03:34:55,9.4942,50.8122,75.34,80,100,15.48
193,Nhulunbuy,AU,2022-01-31 03:37:09,-12.2333,136.7667,83.01,89,75,14.97
194,Wanaka,NZ,2022-01-31 03:37:10,-44.7,169.15,77.9,43,98,0.85
195,Wangaratta,AU,2022-01-31 03:37:11,-36.3667,146.3333,91.47,51,75,6.91
196,Tiksi,RU,2022-01-31 03:33:45,71.6872,128.8694,-16.4,99,100,3.89
197,Wajir,KE,2022-01-31 03:37:12,1.7471,40.0573,72.28,77,31,13.31
198,Sahuaripa,MX,2022-01-31 03:37:13,29.05,-109.2333,55.96,34,19,3.44
199,Port Lincoln,AU,2022-01-31 03:37:14,-34.7333,135.8667,74.79,65,15,6.08
200,Yellowknife,CA,2022-01-31 03:32:58,62.456,-114.3525,-8.59,83,75,10.36
201,Dwarka,IN,2022-01-31 03:37:15,22.2394,68.9678,72.77,75,0,8.66
202,Cherskiy,RU,2022-01-31 03:33:44,68.75,161.3,-27.87,99,65,0.6
203,Nola,IT,2022-01-31 03:37:16,40.922,14.5329,53.58,99,95,2.35
204,Mecca,SA,2022-01-31 03:37:17,21.4267,39.8261,66.33,65,99,3.04
205,Alofi,NU,2022-01-31 03:37:18,-19.0595,-169.9187,78.69,78,100,4.61
206,Kimparana,ML,2022-01-31 03:37:19,12.8347,-4.9244,70.43,13,5,8.61
207,Ahipara,NZ,2022-01-31 03:37:19,-35.1667,173.1667,74.82,62,100,14.72
208,Bulgan,MN,2022-01-31 03:37:20,48.8125,103.5347,1.0,76,9,2.3
209,Grand Gaube,MU,2022-01-31 03:37:21,-20.0064,57.6608,81.37,76,73,8.01
210,Nekrasovskoye,RU,2022-01-31 03:37:21,57.6766,40.3657,24.69,86,100,6.71
211,Victoria Point,AU,2022-01-31 03:37:22,-27.5833,153.3,94.51,66,28,3.0
212,Elizabeth City,US,2022-01-31 03:37:23,36.2946,-76.2511,34.0,73,0,5.75
213,Dogondoutchi,NE,2022-01-31 03:37:24,13.6393,4.0287,63.7,14,8,15.19
214,Mahanje,TZ,2022-01-31 03:37:24,-9.9333,35.3333,62.17,96,78,1.05
215,Piacabucu,BR,2022-01-31 03:37:25,-10.4056,-36.4344,78.24,84,79,7.52
216,Kalmunai,LK,2022-01-31 03:34:57,7.4167,81.8167,81.39,75,53,9.95
217,Zabaykalsk,RU,2022-01-31 03:37:26,49.6333,117.3167,-2.45,83,11,6.02
218,Hervey Bay,AU,2022-01-31 03:37:28,-25.2986,152.8535,90.03,67,33,10.6
219,Nouakchott,MR,2022-01-31 03:37:28,18.0858,-15.9785,69.73,53,100,14.7
220,Takab,IR,2022-01-31 03:37:29,36.4009,47.1133,10.83,96,86,3.49
221,Talnakh,RU,2022-01-31 03:35:55,69.4865,88.3972,-15.12,92,85,9.35
222,Walvis Bay,NA,2022-01-31 03:37:31,-22.9575,14.5053,67.15,88,99,8.05
223,Pascagoula,US,2022-01-31 03:38:32,30.3658,-88.5561,53.65,83,0,4.61
224,East London,ZA,2022-01-31 03:35:19,-33.0153,27.9116,72.54,88,0,8.05
225,Pacific Grove,US,2022-01-31 03:38:33,36.6177,-121.9166,54.28,86,40,1.99
226,Santa Rita,BR,2022-01-31 03:38:33,-7.1139,-34.9781,79.47,83,20,6.91
227,Ribeira Grande,PT,2022-01-31 03:38:34,38.5167,-28.7,59.59,72,44,20.18
228,Portland,US,2022-01-31 03:36:03,45.5234,-122.6762,48.36,90,75,1.01
229,Marzuq,YE,2022-01-31 03:35:17,14.4,46.4667,60.6,67,52,3.44
230,Maturin,VE,2022-01-31 03:38:36,9.75,-63.1767,68.36,96,58,4.7
231,Port Hedland,AU,2022-01-31 03:38:37,-20.3167,118.5667,98.65,39,100,8.05
232,Kashiwazaki,JP,2022-01-31 03:38:38,37.3667,138.55,39.88,76,100,18.34
233,Mkushi,ZM,2022-01-31 03:38:38,-13.6202,29.3939,62.33,98,96,1.79
234,Port Hardy,CA,2022-01-31 03:38:39,50.6996,-127.4199,40.75,87,75,6.91
235,Salinopolis,BR,2022-01-31 03:34:45,-0.6136,-47.3561,76.57,90,100,6.96
236,Kaitangata,NZ,2022-01-31 03:38:40,-46.2817,169.8464,63.86,76,76,4.07
237,Makakilo City,US,2022-01-31 03:38:41,21.3469,-158.0858,77.32,58,0,8.05
238,Touros,BR,2022-01-31 03:38:42,-5.1989,-35.4608,77.9,82,6,10.04
239,Sisimiut,GL,2022-01-31 03:38:43,66.9395,-53.6735,0.66,74,89,12.01
240,Rundu,NA,2022-01-31 03:38:43,-17.9333,19.7667,65.17,94,100,5.14
241,Nantucket,US,2022-01-31 03:38:44,41.2835,-70.0995,21.31,49,0,11.5
242,Broken Hill,AU,2022-01-31 03:38:45,-31.95,141.4333,91.11,38,40,8.05
243,Manokwari,ID,2022-01-31 03:38:47,-0.8667,134.0833,80.53,71,100,12.28
244,Harindanga,IN,2022-01-31 03:38:47,22.0383,88.3214,66.18,41,11,2.3
245,Huarmey,PE,2022-01-31 03:34:00,-10.0681,-78.1522,70.02,89,100,6.29
246,Abu Zabad,SD,2022-01-31 03:38:48,12.35,29.25,56.23,21,0,13.2
247,Jinhua,CN,2022-01-31 03:38:49,29.1078,119.6547,45.66,62,97,0.69
248,Camacha,PT,2022-01-31 03:38:50,33.0833,-16.3333,61.56,82,20,19.57
249,Marystown,CA,2022-01-31 03:38:51,47.1666,-55.1483,36.86,100,98,3.0
250,Vanimo,PG,2022-01-31 03:38:52,-2.6741,141.3028,82.09,68,100,12.17
251,Ancud,CL,2022-01-31 03:38:52,-41.8697,-73.8203,47.43,79,19,3.36
252,San Quintin,MX,2022-01-31 03:37:04,30.4833,-115.95,58.24,73,0,12.75
253,Zhigansk,RU,2022-01-31 03:38:54,66.7697,123.3711,-28.37,97,96,0.98
254,Sitka,US,2022-01-31 03:38:54,57.0531,-135.33,33.69,80,20,0.0
255,Cidreira,BR,2022-01-31 03:38:55,-30.1811,-50.2056,72.81,73,0,17.65
256,Pevek,RU,2022-01-31 03:38:56,69.7008,170.3133,-18.33,99,94,2.28
257,Rio Gallegos,AR,2022-01-31 03:36:02,-51.6226,-69.2181,50.05,50,75,18.41
258,Hendersonville,US,2022-01-31 03:38:57,36.3048,-86.62,43.18,64,100,3.62
259,Taltal,CL,2022-01-31 03:38:57,-25.4,-70.4833,64.98,79,10,2.08
260,Esik,KZ,2022-01-31 03:38:58,43.3552,77.4525,17.02,60,88,2.8
261,Merauke,ID,2022-01-31 03:38:59,-8.4667,140.3333,84.56,68,100,9.44
262,Hailar,CN,2022-01-31 03:39:00,49.2,119.7,-6.81,91,55,4.07
263,Henties Bay,NA,2022-01-31 03:39:01,-22.116,14.2845,66.85,81,75,7.31
264,Berlevag,NO,2022-01-31 03:37:01,70.8578,29.0864,28.4,65,90,3.98
265,Thompson,CA,2022-01-31 03:38:24,55.7435,-97.8558,-3.84,84,20,3.44
266,San Patricio,US,2022-01-31 03:39:03,28.017,-97.5169,64.38,77,100,10.98
267,Lexington,US,2022-01-31 03:38:32,37.9887,-84.4777,33.12,71,0,4.61
268,Meulaboh,ID,2022-01-31 03:40:04,4.1363,96.1285,85.35,65,68,1.63
269,Chicama,PE,2022-01-31 03:40:05,-7.8447,-79.1469,63.14,81,99,5.23
270,Paramount,US,2022-01-31 03:39:05,33.8895,-118.1598,61.41,82,0,0.0
271,Cochrane,CA,2022-01-31 03:39:50,51.1834,-114.4687,41.27,62,75,8.05
272,Stawell,AU,2022-01-31 03:40:07,-37.05,142.7667,91.04,20,0,10.09
273,Salalah,OM,2022-01-31 03:35:23,17.0151,54.0924,66.29,63,0,3.44
274,Umuarama,BR,2022-01-31 03:40:08,-23.7664,-53.325,69.48,92,2,4.0
275,Linxia,CN,2022-01-31 03:40:09,35.6003,103.2064,18.12,72,99,1.39
276,Ukiah,US,2022-01-31 03:40:09,39.1502,-123.2078,55.29,66,0,10.36
277,Tiznit,MA,2022-01-31 03:35:42,29.5833,-9.5,61.39,35,89,13.89
278,Luderitz,NA,2022-01-31 03:40:11,-26.6481,15.1594,63.32,93,63,7.47
279,Alyangula,AU,2022-01-31 03:40:12,-13.8483,136.4192,89.47,74,99,12.66
280,Hovd,MN,2022-01-31 03:40:12,48.0056,91.6419,-8.25,83,26,2.44
281,Gillette,US,2022-01-31 03:39:19,44.2911,-105.5022,34.81,43,0,12.66
282,Talaya,RU,2022-01-31 03:40:14,61.3833,152.75,-10.93,96,100,7.02
283,Atar,MR,2022-01-31 03:40:14,20.5169,-13.0499,76.15,13,100,7.29
284,Sapa,PH,2022-01-31 03:40:15,5.1544,120.3241,83.73,70,22,8.52
285,Coihaique,CL,2022-01-31 03:40:16,-45.5752,-72.0662,49.95,62,75,6.91
286,Loa Janan,ID,2022-01-31 03:40:16,-0.583,117.095,88.39,59,87,3.24
287,Kawalu,ID,2022-01-31 03:40:17,-7.3817,108.2082,87.08,61,95,1.92
288,Quelimane,MZ,2022-01-31 03:40:18,-17.8786,36.8883,76.95,94,20,2.3
289,Alice Springs,AU,2022-01-31 03:40:18,-23.7,133.8833,83.75,74,100,11.5
290,Quatre Cocos,MU,2022-01-31 03:40:19,-20.2078,57.7625,81.09,79,94,19.13
291,Chokurdakh,RU,2022-01-31 03:40:20,70.6333,147.9167,-28.64,99,44,1.57
292,White Rock,CA,2022-01-31 03:39:47,49.0164,-122.8026,44.26,91,89,8.99
293,Kununurra,AU,2022-01-31 03:40:21,-15.7667,128.7333,80.58,89,75,18.41
294,Saldanha,ZA,2022-01-31 03:40:22,-33.0117,17.9442,62.65,86,100,6.29
295,Paamiut,GL,2022-01-31 03:40:22,61.994,-49.6678,26.33,97,100,5.55
296,Lorengau,PG,2022-01-31 03:40:23,-2.0226,147.2712,81.34,82,100,17.09
297,Rocha,UY,2022-01-31 03:40:24,-34.4833,-54.3333,65.66,89,2,7.94
298,Jining,CN,2022-01-31 03:40:25,35.405,116.5814,40.66,19,1,11.1
299,Am Timan,TD,2022-01-31 03:40:26,11.0297,20.2827,64.87,18,27,6.91
300,Pemba,MZ,2022-01-31 03:40:27,-12.974,40.5178,75.9,94,75,5.75
301,Jacmel,HT,2022-01-31 03:40:27,18.2342,-72.5347,73.22,84,17,2.89
302,Muroto,JP,2022-01-31 03:40:28,33.2833,134.15,51.84,43,8,13.33
303,Tibati,CM,2022-01-31 03:40:29,6.4667,12.6333,65.05,18,85,7.05
304,Serra Negra,BR,2022-01-31 03:40:29,-22.6122,-46.7006,64.71,98,99,3.15
305,Hambantota,LK,2022-01-31 03:40:30,6.1241,81.1185,79.14,100,20,4.61
306,High Level,CA,2022-01-31 03:40:31,58.5169,-117.136,-3.89,84,100,17.27
307,Mindyak,RU,2022-01-31 03:40:31,54.0231,58.7891,13.82,96,100,4.72
308,Los Llanos De Aridane,ES,2022-01-31 03:40:32,28.6585,-17.9182,58.75,67,40,6.91
309,Lukovetskiy,RU,2022-01-31 03:40:33,64.2956,41.9211,17.58,96,100,4.32
310,Severo-Kurilsk,RU,2022-01-31 03:40:34,50.6789,156.125,28.67,90,100,9.28
311,Mayumba,GA,2022-01-31 03:40:34,-3.432,10.6554,76.91,88,100,0.96
312,Methoni,GR,2022-01-31 03:40:35,36.8197,21.7049,45.21,72,0,15.5
313,Opuwo,NA,2022-01-31 03:40:36,-18.0607,13.84,60.37,57,98,2.89
314,Menomonie,US,2022-01-31 03:36:22,44.8755,-91.9193,14.04,92,87,0.0
315,Aykhal,RU,2022-01-31 03:38:58,66.0,111.5,-19.39,99,54,4.18
316,Airai,TL,2022-01-31 03:38:48,-8.9266,125.4092,71.94,64,91,7.87
317,Clyde River,CA,2022-01-31 03:40:52,70.4692,-68.5914,-28.97,75,0,4.61
318,Aloleng,PH,2022-01-31 03:41:38,16.1307,119.7824,82.33,67,34,5.99
319,Manicore,BR,2022-01-31 03:41:39,-5.8092,-61.3003,71.11,98,100,1.5
320,Naze,JP,2022-01-31 03:41:40,28.3667,129.4833,58.12,54,75,17.13
321,Tomatlan,MX,2022-01-31 03:41:41,19.9333,-105.25,66.63,80,12,2.95
322,Caucasia,CO,2022-01-31 03:41:41,7.9865,-75.1935,71.85,93,92,3.56
323,Pimentel,PE,2022-01-31 03:41:42,-6.8367,-79.9342,69.98,83,100,10.45
324,San Borja,BO,2022-01-31 03:41:43,-14.8167,-66.85,71.67,99,56,3.98
325,Tamandare,BR,2022-01-31 03:41:43,-8.7597,-35.1047,77.92,80,49,5.5
326,Tuatapere,NZ,2022-01-31 03:41:44,-46.1333,167.6833,72.82,73,95,8.16
327,Bhimunipatnam,IN,2022-01-31 03:41:45,17.8833,83.4333,69.31,66,4,3.44
328,Maple Creek,CA,2022-01-31 03:41:45,49.9168,-109.4848,43.21,75,79,6.91
329,Machakos,KE,2022-01-31 03:41:46,-1.5167,37.2667,57.67,92,62,2.59
330,Lagoa,PT,2022-01-31 03:41:47,39.05,-27.9833,58.26,73,22,24.99
331,Roncesvalles,CO,2022-01-31 03:41:48,4.0108,-75.6049,54.75,95,77,3.74
332,Tual,ID,2022-01-31 03:41:48,-5.6667,132.75,83.82,77,100,20.87
333,Boende,CD,2022-01-31 03:41:49,-0.2167,20.8667,74.77,37,100,1.61
334,Chapais,CA,2022-01-31 03:41:50,49.7834,-74.8492,-11.42,100,93,3.51
335,Eureka,US,2022-01-31 03:41:50,40.8021,-124.1637,50.25,85,100,5.35
336,Terrace,CA,2022-01-31 03:41:51,54.5163,-128.6035,35.51,93,100,9.22
337,Kommunisticheskiy,RU,2022-01-31 03:41:52,61.6789,64.4819,-0.22,98,100,2.44
338,Sehore,IN,2022-01-31 03:41:53,23.2,77.0833,57.47,28,0,7.34
339,Zhanjiang,CN,2022-01-31 03:41:53,21.2815,110.3427,57.25,72,99,10.69
340,Korgen,NO,2022-01-31 03:41:54,66.0771,13.8153,26.28,93,89,4.94
341,Klaksvik,FO,2022-01-31 03:41:55,62.2266,-6.589,32.92,56,98,35.59
342,Georgetown,MY,2022-01-31 03:41:55,5.4112,100.3354,87.73,72,20,1.01
343,Biskamzha,RU,2022-01-31 03:41:56,53.4497,89.5272,13.95,78,37,2.28
344,Aksum,ET,2022-01-31 03:41:57,14.1245,38.7244,53.01,74,0,2.15
345,Nago,JP,2022-01-31 03:41:58,26.5881,127.9761,60.96,54,66,14.72
346,Rio Grande,BR,2022-01-31 03:41:58,-32.035,-52.0986,69.94,74,0,17.74
347,Flinders,AU,2022-01-31 03:41:59,-34.5833,150.8552,86.2,71,32,9.33
348,Taunggyi,MM,2022-01-31 03:42:00,20.7833,97.0333,64.29,25,38,5.06
349,Broome,US,2022-01-31 03:42:00,42.2506,-75.833,12.36,78,28,1.01
350,Esperance,AU,2022-01-31 03:42:01,-33.8667,121.9,75.04,69,76,17.58
351,Cururupu,BR,2022-01-31 03:42:02,-1.8283,-44.8683,73.78,86,99,4.54
352,Roebourne,AU,2022-01-31 03:42:03,-20.7833,117.1333,102.31,27,73,7.87
353,Vardo,NO,2022-01-31 03:42:03,70.3705,31.1107,23.2,66,69,18.14
354,Hobyo,SO,2022-01-31 03:42:04,5.3505,48.5268,76.55,81,100,15.57
355,Itoman,JP,2022-01-31 03:42:05,26.1247,127.6694,60.82,61,75,20.71
356,Mponela,MW,2022-01-31 03:42:06,-13.5319,33.7401,60.93,96,100,2.62
357,Laminusa,PH,2022-01-31 03:42:06,5.5549,120.9136,82.4,73,32,4.94
358,Tieli,CN,2022-01-31 03:42:07,46.95,128.05,5.16,87,60,4.21
359,Codrington,AU,2022-01-31 03:42:08,-38.2667,141.9667,75.92,65,3,13.96
360,Nishihara,JP,2022-01-31 03:42:09,26.1842,127.7558,60.08,63,75,13.8
361,Burnie,AU,2022-01-31 03:41:17,-41.0667,145.9167,74.95,69,52,6.69
362,Iberia,US,2022-01-31 03:43:11,29.9502,-91.7507,51.12,87,0,4.61
363,Lodeynoye Pole,RU,2022-01-31 03:43:11,60.726,33.5531,20.35,95,100,7.63
364,Amahai,ID,2022-01-31 03:43:12,-3.3333,128.9167,89.64,57,92,12.1
365,Yarada,IN,2022-01-31 03:43:13,17.65,83.2667,73.72,78,20,2.3
366,Katherine,AU,2022-01-31 03:43:13,-14.4667,132.2667,91.72,49,40,21.85
367,Vernon,CA,2022-01-31 03:42:50,50.2581,-119.2691,33.6,76,100,1.99
368,Belyy Yar,RU,2022-01-31 03:43:14,53.6039,91.3903,-18.51,76,75,0.0
369,Colares,PT,2022-01-31 03:43:15,38.7992,-9.4469,55.8,42,0,5.01
370,Nioro,GM,2022-01-31 03:43:16,13.35,-15.75,75.25,28,84,6.87
371,Dalvik,IS,2022-01-31 03:43:17,65.9702,-18.5286,22.93,70,93,16.84
372,Camara De Lobos,PT,2022-01-31 03:43:17,32.6333,-16.9667,65.12,87,75,13.8
373,Manoel Urbano,BR,2022-01-31 03:43:18,-8.8389,-69.2597,72.3,98,100,0.6
374,Havre-Saint-Pierre,CA,2022-01-31 03:43:19,50.2334,-63.5986,12.2,66,100,12.66
375,Suzun,RU,2022-01-31 03:43:19,53.7841,82.3116,10.29,95,79,4.65
376,Flin Flon,CA,2022-01-31 03:43:20,54.7682,-101.865,6.4,96,95,6.06
377,Uttaradit,TH,2022-01-31 03:43:21,17.6667,100.5,66.96,25,32,3.4
378,Horta,PT,2022-01-31 03:43:22,38.5333,-28.6333,58.23,73,39,19.57
379,Nelson Bay,AU,2022-01-31 03:43:23,-32.7167,152.15,87.3,69,52,3.0
380,Yermekeyevo,RU,2022-01-31 03:43:24,54.0761,53.6712,18.12,98,94,5.23
381,Margate,GB,2022-01-31 03:43:25,51.3813,1.3862,45.75,69,44,11.99
382,Lata,PT,2022-01-31 03:43:26,40.1629,-8.3327,40.06,53,28,3.44
383,Fort Nelson,CA,2022-01-31 03:43:26,58.8053,-122.7002,-2.61,78,100,8.05
384,Abonnema,NG,2022-01-31 03:43:27,4.7084,6.7931,72.5,54,11,3.4
385,Svetlogorsk,BY,2022-01-31 03:43:28,52.6333,29.7333,27.84,96,100,10.36
386,Olbernhau,DE,2022-01-31 03:43:28,50.6667,13.3333,33.73,88,100,6.15
387,Kara-Tyube,RU,2022-01-31 03:43:29,44.6336,45.4369,31.87,89,18,6.96
388,Mandalgarh,IN,2022-01-31 03:43:30,25.2,75.1,64.85,42,0,4.99
389,Pochutla,MX,2022-01-31 03:43:31,15.7432,-96.4661,76.82,81,3,3.15
390,Great Falls,US,2022-01-31 03:43:31,47.5002,-111.3008,47.41,39,20,10.0
391,Ruidoso,US,2022-01-31 03:43:32,33.3317,-105.673,39.06,68,0,8.05
392,Lavrentiya,RU,2022-01-31 03:43:33,65.5833,-171.0,-8.19,93,14,6.2
393,Sao Luiz Gonzaga,BR,2022-01-31 03:43:34,-28.4083,-54.9608,70.7,53,16,5.75
394,Susanville,US,2022-01-31 03:43:35,40.4163,-120.653,36.81,73,0,3.44
395,Kostyantynivka,UA,2022-01-31 03:43:36,48.5277,37.7069,32.05,91,100,16.46
396,Kibre Mengist,ET,2022-01-31 03:43:37,5.8833,38.9833,50.52,47,100,2.68
397,Sakaiminato,JP,2022-01-31 03:43:37,35.55,133.2333,42.78,70,75,5.75
398,Husavik,IS,2022-01-31 03:43:38,66.0449,-17.3389,22.91,66,90,24.76
399,Strezhevoy,RU,2022-01-31 03:43:39,60.7333,77.5889,8.58,97,100,8.43
400,Marquette,US,2022-01-31 03:43:39,46.5333,-87.6335,11.35,85,99,2.98
401,Marsh Harbour,BS,2022-01-31 03:43:40,26.5412,-77.0636,63.09,62,89,10.67
402,Mao,ES,2022-01-31 03:43:41,39.8885,4.2658,45.16,93,0,6.91
403,Hirara,JP,2022-01-31 03:38:44,24.8,125.2833,62.46,63,75,14.97
404,Biak,ID,2022-01-31 03:43:42,-0.9131,122.8766,86.88,58,84,8.03
405,Praia,CV,2022-01-31 03:40:57,14.9215,-23.5087,70.34,68,75,21.85
406,Olafsvik,IS,2022-01-31 03:42:51,64.8945,-23.7142,26.46,55,100,20.02
407,Teahupoo,PF,2022-01-31 03:44:44,-17.8333,-149.2667,78.53,76,83,14.85
408,Zhezkazgan,KZ,2022-01-31 03:44:44,47.8043,67.7144,19.38,86,100,2.24
409,Tura,IN,2022-01-31 03:44:45,25.5198,90.2201,65.34,39,0,3.78
410,Caraguatay,AR,2022-01-31 03:44:46,-26.6059,-54.7809,72.1,68,38,1.59
411,Kapustin Yar,RU,2022-01-31 03:44:47,48.5831,45.7372,30.38,90,100,14.16
412,Kharan,PK,2022-01-31 03:44:47,28.5833,65.4167,58.78,37,0,5.23
413,Murgab,TM,2022-01-31 03:44:48,37.4966,61.9714,33.67,75,0,6.91
414,Manggar,ID,2022-01-31 03:44:49,-2.8833,108.2667,86.31,59,100,8.12
415,Bengkulu,ID,2022-01-31 03:44:49,-3.8004,102.2655,82.29,69,100,3.22
416,Ko Samui,TH,2022-01-31 03:44:50,9.5357,99.9357,85.91,70,40,10.36
417,Honiara,SB,2022-01-31 03:44:03,-9.4333,159.95,85.64,71,73,4.92
418,Skourta,GR,2022-01-31 03:44:51,38.2127,23.5525,41.65,77,20,6.91
419,Beringovskiy,RU,2022-01-31 03:44:52,63.05,179.3167,-3.75,95,100,10.38
420,Sovetskaya,RU,2022-01-31 03:44:53,44.7769,41.1722,28.54,79,100,6.38
421,Lobito,AO,2022-01-31 03:44:53,-12.3481,13.5456,74.82,84,100,1.79
422,Beatrice,US,2022-01-31 03:44:54,40.2681,-96.747,37.89,51,0,6.91
423,Kaoma,ZM,2022-01-31 03:44:55,-14.7833,24.8,62.76,98,95,3.71
424,Port Blair,IN,2022-01-31 03:44:55,11.6667,92.75,78.84,65,40,5.75
425,Texarkana,US,2022-01-31 03:44:56,33.4251,-94.0477,52.02,42,0,4.61
426,Russell,US,2022-01-31 03:44:57,32.3502,-85.1999,51.08,80,0,3.44
427,Dryden,CA,2022-01-31 03:44:57,49.7833,-92.7503,12.49,79,100,8.05
428,Saint Cloud,US,2022-01-31 03:44:58,45.5608,-94.1625,14.0,85,20,5.75
429,Krasnoselkup,RU,2022-01-31 03:44:59,65.7,82.4667,2.61,95,100,10.42
430,Aripuana,BR,2022-01-31 03:45:00,-9.1667,-60.6333,70.86,99,100,2.28
431,Richards Bay,ZA,2022-01-31 03:45:01,-28.783,32.0377,71.11,88,96,6.46
432,Saint-Pierre,RE,2022-01-31 03:45:02,-21.3393,55.4781,80.24,65,100,4.61
433,High Prairie,CA,2022-01-31 03:45:02,55.4334,-116.4858,16.9,94,100,12.8
434,Coahuayana,MX,2022-01-31 03:41:34,18.7333,-103.6833,69.42,73,0,2.82
435,Lao Cai,VN,2022-01-31 03:45:04,22.4833,103.95,57.33,89,100,2.26
436,Cayenne,GF,2022-01-31 03:45:05,4.9333,-52.3333,78.1,88,75,1.99
437,Longyearbyen,SJ,2022-01-31 03:41:00,78.2186,15.6401,10.24,67,40,18.41
438,Sorland,NO,2022-01-31 03:45:06,67.667,12.6934,32.43,82,99,16.2
439,Port Moresby,PG,2022-01-31 03:45:07,-9.4431,147.1797,85.42,70,75,11.5
440,Karratha,AU,2022-01-31 03:45:07,-20.7377,116.8463,97.99,39,64,15.7
441,Nanortalik,GL,2022-01-31 03:45:09,60.1432,-45.2371,21.18,74,100,22.97
442,Ca Mau,VN,2022-01-31 03:45:10,9.1769,105.15,89.89,43,2,13.18
443,Lasa,IT,2022-01-31 03:45:10,46.6166,10.7002,44.06,42,58,4.16
444,Bosconia,CO,2022-01-31 03:45:11,9.9689,-73.8836,75.96,68,73,0.85
445,Aksu,CN,2022-01-31 03:45:12,41.1231,80.2644,29.08,40,7,0.67
446,Vestmanna,FO,2022-01-31 03:45:14,62.1564,-7.1664,31.12,51,75,31.07
447,Nayoro,JP,2022-01-31 03:45:15,44.3506,142.4578,17.04,72,46,4.14
448,Chuy,UY,2022-01-31 03:45:15,-33.6971,-53.4616,69.03,86,0,10.02
449,Ferkessedougou,CI,2022-01-31 03:45:16,9.6,-5.2,69.75,18,84,5.41
450,Cacapava Do Sul,BR,2022-01-31 03:45:17,-30.5122,-53.4914,64.06,81,21,2.37
451,Sao Felix Do Xingu,BR,2022-01-31 03:46:17,-6.6447,-51.995,69.12,97,100,0.76
452,Colotlan,MX,2022-01-31 03:46:18,22.1,-103.2667,56.71,34,43,5.3
453,Mana,GF,2022-01-31 03:46:19,5.6592,-53.7767,75.85,86,39,9.86
454,Skjervoy,NO,2022-01-31 03:46:20,70.0311,20.9714,27.79,58,100,7.94
455,Vigrestad,NO,2022-01-31 03:43:00,58.5667,5.7,37.0,62,99,11.7
456,Rosarito,MX,2022-01-31 03:46:21,32.3333,-117.0333,57.11,79,4,2.68
457,Fairbanks,US,2022-01-31 03:46:22,64.8378,-147.7164,-17.39,74,0,0.0
458,Urengoy,RU,2022-01-31 03:46:23,65.9667,78.3667,-2.99,99,97,7.85
459,Santo Antonio Do Sudoeste,BR,2022-01-31 03:46:23,-26.0736,-53.7253,66.0,92,50,3.78
460,Mackay,AU,2022-01-31 03:46:13,-21.15,149.2,90.68,66,40,14.97
461,Poitiers,FR,2022-01-31 03:46:25,46.5833,0.3333,44.26,65,100,5.75
462,Sitrah,BH,2022-01-31 03:46:25,26.1547,50.6206,60.8,81,0,3.0
463,Pangnirtung,CA,2022-01-31 03:46:26,66.1451,-65.7125,-21.24,86,87,6.15
464,Taree,AU,2022-01-31 03:46:26,-31.9,152.4667,85.1,65,44,10.36
465,Zhaotong,CN,2022-01-31 03:46:27,27.3167,103.7167,35.04,64,98,2.42
466,Ambon,ID,2022-01-31 03:46:28,-3.6954,128.1814,93.34,49,40,19.57
467,San Andres,CO,2022-01-31 03:46:29,12.5847,-81.7006,78.48,76,9,19.42
468,Guiglo,CI,2022-01-31 03:46:29,6.5456,-7.4966,63.86,35,58,1.36
469,Umarkot,PK,2022-01-31 03:46:30,25.3616,69.7362,68.54,79,0,8.14
470,Kavieng,PG,2022-01-31 03:46:31,-2.5744,150.7967,83.55,70,95,2.21
471,Coracora,PE,2022-01-31 03:46:32,-15.0333,-73.7833,46.35,89,100,3.29
472,Mogadishu,SO,2022-01-31 03:46:33,2.0371,45.3438,77.04,77,100,15.43
473,Malangwa,NP,2022-01-31 03:46:33,26.8568,85.5581,63.79,52,2,5.35
474,Niteroi,BR,2022-01-31 03:46:34,-22.8833,-43.1036,77.59,97,100,5.75
475,Moose Factory,CA,2022-01-31 03:46:35,51.2585,-80.6094,-16.6,76,0,6.91
476,Sucua,EC,2022-01-31 03:46:36,-2.4667,-78.1667,67.86,96,100,3.36
477,Sola,VU,2022-01-31 03:46:36,-13.8833,167.55,88.47,74,75,4.61
478,Kindu,CD,2022-01-31 03:46:37,-2.95,25.95,69.91,96,100,1.99
479,Saint Anthony,US,2022-01-31 03:46:38,45.0205,-93.218,15.69,82,0,3.44
480,Corn Island,NI,2022-01-31 03:46:38,12.1694,-83.0418,77.92,78,34,24.4
481,Beaufort,MY,2022-01-31 03:46:39,5.3473,115.7455,84.36,58,95,1.77
482,Mount Isa,AU,2022-01-31 03:46:40,-20.7333,139.5,89.37,58,75,9.22
483,Nara,JP,2022-01-31 03:42:17,34.6851,135.8049,45.97,45,45,8.48
484,Barcelona,ES,2022-01-31 03:45:30,41.3888,2.159,54.32,55,20,7.0
485,Batticaloa,LK,2022-01-31 03:46:41,7.7102,81.6924,81.59,71,57,11.32
486,Sakakah,SA,2022-01-31 03:46:42,29.9697,40.2064,51.37,47,100,13.47
487,San Cristobal,VE,2022-01-31 03:46:43,7.7669,-72.225,66.38,90,64,2.53
488,Jaguey Grande,CU,2022-01-31 03:46:44,22.5269,-81.1286,43.45,70,0,5.7
489,Viedma,AR,2022-01-31 03:46:44,-40.8135,-62.9967,58.95,42,83,5.44
490,Wajima,JP,2022-01-31 03:46:45,37.4,136.9,36.28,60,40,5.75
491,Quimperle,FR,2022-01-31 03:46:46,47.8667,-3.55,48.94,93,75,8.05
492,Punta De Bombon,PE,2022-01-31 03:46:47,-17.1717,-71.7931,69.46,76,31,4.34
493,Kumluca,TR,2022-01-31 03:46:48,36.3703,30.2869,47.68,86,100,0.81
494,Chongwe,ZM,2022-01-31 03:46:48,-15.3292,28.682,61.57,98,73,2.28
495,Middelburg,ZA,2022-01-31 03:46:49,-25.7751,29.4648,59.4,92,98,4.83
496,Molokovo,RU,2022-01-31 03:46:50,58.1661,36.7628,21.22,95,100,10.4
497,Gimli,CA,2022-01-31 03:46:50,50.6336,-96.9907,14.02,79,100,13.8
498,Ambilobe,MG,2022-01-31 03:46:51,-13.2,49.05,76.05,91,80,0.89
499,Vostok,RU,2022-01-31 03:46:52,46.4856,135.8833,2.71,82,35,4.29
500,Samarai,PG,2022-01-31 03:47:52,-10.6167,150.6667,83.5,71,100,20.27
501,Stornoway,GB,2022-01-31 03:47:53,58.2093,-6.3865,39.16,70,40,5.01
502,Point Fortin,TT,2022-01-31 03:47:02,10.1833,-61.6833,75.13,81,58,11.83
503,Gamba,GA,2022-01-31 03:47:54,-2.65,10.0,77.68,85,100,1.25
504,Vestmannaeyjar,IS,2022-01-31 03:47:55,63.4427,-20.2734,32.85,64,100,30.76
505,Pombia,IT,2022-01-31 03:47:56,45.653,8.6336,41.61,87,26,3.44
506,Kosh-Agach,RU,2022-01-31 03:47:57,50.0,88.6667,-15.57,84,34,0.69
507,Pueblo Nuevo,MX,2022-01-31 03:47:58,23.3833,-105.3833,45.75,65,52,4.12
508,Turukhansk,RU,2022-01-31 03:47:59,65.8167,87.9833,-0.85,93,99,11.92
509,Narrabri,AU,2022-01-31 03:48:00,-30.3167,149.7833,93.52,47,80,1.01
510,Avera,US,2022-01-31 03:48:00,33.194,-82.5271,48.07,80,0,7.34
511,Emerald,AU,2022-01-31 03:48:01,-23.5333,148.1667,94.33,38,66,8.05
512,Qaqortoq,GL,2022-01-31 03:48:02,60.7167,-46.0333,20.73,73,100,20.69
513,Lebu,CL,2022-01-31 03:48:03,-37.6167,-73.65,56.48,74,0,20.15
514,Zhangjiakou,CN,2022-01-31 03:45:37,40.81,114.8794,15.48,47,64,17.87
515,Aasiaat,GL,2022-01-31 03:48:04,68.7098,-52.8699,-11.94,96,70,14.23
516,Easton,US,2022-01-31 03:48:05,40.6884,-75.2207,21.54,63,100,0.0
517,Sept-Iles,CA,2022-01-31 03:48:06,50.2001,-66.3821,5.52,61,75,5.75
518,Kotido,UG,2022-01-31 03:48:06,2.9806,34.1331,74.21,41,100,7.38
519,Carutapera,BR,2022-01-31 03:48:07,-1.195,-46.02,74.73,93,99,4.81
520,Coffs Harbour,AU,2022-01-31 03:48:08,-30.3,153.1333,86.27,73,11,10.36
521,Volot,RU,2022-01-31 03:48:08,57.9278,30.7025,24.1,98,99,4.0
522,Omboue,GA,2022-01-31 03:48:09,-1.5746,9.2618,77.5,87,100,2.55
523,Baksheyevo,RU,2022-01-31 03:48:10,55.7086,39.8767,23.63,94,100,8.57
524,Taoudenni,ML,2022-01-31 03:48:11,22.6783,-3.9836,66.27,14,79,13.58
525,Kavaratti,IN,2022-01-31 03:48:11,10.5669,72.642,81.34,73,1,9.53
526,Hammerfest,NO,2022-01-31 03:48:12,70.6634,23.6821,27.05,80,100,9.22
527,Tambacounda,SN,2022-01-31 03:48:13,13.7539,-13.7586,75.25,27,80,4.61
528,Santa Maria Del Oro,MX,2022-01-31 03:48:14,25.9333,-105.3667,51.64,40,82,7.38
529,Malampaka,TZ,2022-01-31 03:48:14,-3.1333,33.5333,64.02,97,100,5.48
530,Kerema,PG,2022-01-31 03:48:15,-7.9631,145.7785,82.72,70,100,8.61
531,Nguruka,TZ,2022-01-31 03:48:16,-5.1092,31.0419,64.99,96,100,2.82
532,Panama City,PA,2022-01-31 03:47:12,8.9936,-79.5197,79.05,77,100,6.91
533,Kuusamo,FI,2022-01-31 03:48:17,65.9667,29.1833,-3.96,84,0,3.44
534,Calvia,ES,2022-01-31 03:48:18,39.5657,2.5062,50.41,67,0,5.1
535,Ust-Ilimsk,RU,2022-01-31 03:44:27,58.0006,102.6619,1.09,95,100,1.5
536,Sabang,ID,2022-01-31 03:48:19,5.8933,95.3214,81.5,76,82,10.02
537,Dauphin,CA,2022-01-31 03:48:20,51.1494,-100.0502,15.94,79,0,11.5
538,Kharp,RU,2022-01-31 03:48:21,66.8014,65.8081,-7.62,100,100,1.57
539,Trincomalee,LK,2022-01-31 03:48:22,8.5711,81.2335,81.18,68,83,11.65
540,Khilok,RU,2022-01-31 03:48:23,51.3674,110.4676,0.9,84,100,2.95
541,Gat,IL,2022-01-31 03:46:00,31.61,34.7642,47.39,100,97,6.35
542,Cordoba,AR,2022-01-31 03:48:24,-31.4135,-64.1811,71.6,82,0,8.05
543,Gibara,CU,2022-01-31 03:48:24,21.1097,-76.1317,67.32,73,100,10.74
544,Barguzin,RU,2022-01-31 03:48:25,53.6167,109.6167,-4.61,94,92,1.14
545,Isiro,CD,2022-01-31 03:48:26,2.7739,27.616,63.16,41,100,3.0
546,Kondinskoye,RU,2022-01-31 03:48:26,59.6481,67.41,-2.31,98,100,3.13
547,Bathsheba,BB,2022-01-31 03:49:27,13.2167,-59.5167,79.41,73,75,16.11
548,Pittsfield,US,2022-01-31 03:49:28,42.4501,-73.2454,11.19,69,40,3.44
549,Gaya,IN,2022-01-31 03:49:18,24.7833,85.0,55.31,71,0,4.61
550,Ust-Maya,RU,2022-01-31 03:49:29,60.4167,134.5333,-17.09,92,100,1.79
551,Deputatskiy,RU,2022-01-31 03:49:30,69.3,139.9,-23.04,100,61,1.77
552,Mopipi,BW,2022-01-31 03:49:31,-21.1833,24.8833,71.11,78,99,14.5
553,Madanapalle,IN,2022-01-31 03:49:32,13.55,78.5,74.79,63,0,3.09
554,Zhumadian,CN,2022-01-31 03:49:32,32.9794,114.0294,44.15,51,100,8.77
555,Mujiayingzi,CN,2022-01-31 03:49:33,42.1167,118.7833,16.92,82,100,13.18
556,Saint-Francois,FR,2022-01-31 03:49:34,46.4154,3.9054,40.44,87,100,8.05
557,Conselheiro Pena,BR,2022-01-31 03:49:34,-19.1722,-41.4722,73.26,92,100,1.92
558,Plettenberg Bay,ZA,2022-01-31 03:49:35,-34.0527,23.3716,67.91,91,93,2.77
559,Trinidad,BO,2022-01-31 03:49:36,-14.8333,-64.9,72.52,97,85,4.54
560,Wattegama,LK,2022-01-31 03:49:37,6.7989,81.4808,77.92,68,30,8.25
561,Pallisa,UG,2022-01-31 03:49:37,1.145,33.7094,68.32,76,69,3.49
562,Bereda,ES,2022-01-31 03:49:38,43.2686,-7.5406,40.41,88,93,6.29
563,Shelabolikha,RU,2022-01-31 03:49:39,53.4131,82.6167,15.26,88,58,8.52
564,Chifeng,CN,2022-01-31 03:49:40,42.2683,118.9636,17.29,79,100,13.58
565,Puerto Madero,MX,2022-01-31 03:49:40,14.7208,-92.4215,77.27,66,3,2.35
566,Calabozo,VE,2022-01-31 03:49:41,8.9242,-67.4293,77.59,53,50,7.92
567,Sligo,IE,2022-01-31 03:46:58,54.2697,-8.4694,43.68,73,60,25.99
568,Balykshi,KZ,2022-01-31 03:49:42,47.0667,51.8667,19.4,93,100,4.47
569,Jiaocheng,CN,2022-01-31 03:49:43,24.6774,116.1389,51.39,58,94,3.69
570,Chartres,FR,2022-01-31 03:49:44,48.4167,1.5,43.86,92,55,7.0
571,Paragominas,BR,2022-01-31 03:49:44,-2.9667,-47.4833,70.09,99,86,1.25
572,Boyolangu,ID,2022-01-31 03:49:45,-8.1181,111.8935,86.41,65,91,5.82
573,Charlottetown,CA,2022-01-31 03:49:46,46.2352,-63.1267,21.2,67,20,8.05
574,Honningsvag,NO,2022-01-31 03:49:46,70.9821,25.9704,27.93,79,100,21.63
575,Argayash,RU,2022-01-31 03:49:47,55.4888,60.8767,6.49,97,87,2.1
576,Tessalit,ML,2022-01-31 03:49:48,20.1986,1.0114,64.22,16,3,8.48
577,Beloha,MG,2022-01-31 03:49:48,-25.1667,45.05,74.68,70,12,13.47
578,Sambava,MG,2022-01-31 03:49:49,-14.2667,50.1667,78.1,82,35,9.22
